<?xml version="1.0" encoding="UTF-8"?>
<!DOCTYPE hibernate-mapping PUBLIC "-//Hibernate/Hibernate Mapping DTD 3.0//EN" "http://hibernate.sourceforge.net/hibernate-mapping-3.0.dtd">
<hibernate-mapping>
	<class name="edu.aspire.view.vo.Customer" table="CUSTOMER">
		<id name="cid" column="CID" type="integer">
			<generator class="sequence">
				<!-- In hibernate5 name changed to 'sequence_name' -->
				<param name="sequence_name">CUSTOMER_SEQ</param>
			</generator>
		</id>
		<property name="cname" column="CNAME" type="string" length="20" />
		<property name="email" column="email" type="string" length="100" />
		<property name="mobile" column="mobile" type="string" />
	</class>
</hibernate-mapping>

